type,name,tbl_name,rootpage,sql
table,hoas,hoas,2,"CREATE TABLE ""hoas"" (""id"" integer PRIMARY KEY AUTOINCREMENT NOT NULL, ""contact"" varchar, ""phone"" varchar, ""email"" varchar, ""community"" varchar, ""address"" varchar, ""city"" varchar, ""state"" varchar, ""zipcode"" varchar, ""website"" varchar, ""created_at"" datetime(6) NOT NULL, ""updated_at"" datetime(6) NOT NULL)"
table,sqlite_sequence,sqlite_sequence,3,"CREATE TABLE sqlite_sequence(name,seq)"
table,schema_migrations,schema_migrations,5,"CREATE TABLE ""schema_migrations"" (""version"" varchar NOT NULL PRIMARY KEY)"
index,sqlite_autoindex_schema_migrations_1,schema_migrations,6,
table,ar_internal_metadata,ar_internal_metadata,7,"CREATE TABLE ""ar_internal_metadata"" (""key"" varchar NOT NULL PRIMARY KEY, ""value"" varchar, ""created_at"" datetime(6) NOT NULL, ""updated_at"" datetime(6) NOT NULL)"
index,sqlite_autoindex_ar_internal_metadata_1,ar_internal_metadata,8,
table,listings,listings,4,"CREATE TABLE ""listings"" (""id"" integer NOT NULL PRIMARY KEY, ""address"" varchar DEFAULT NULL, ""community"" varchar DEFAULT NULL, ""first_listed"" date DEFAULT NULL, ""bedrooms"" varchar DEFAULT NULL, ""bathrooms"" varchar DEFAULT NULL, ""SQFT"" varchar DEFAULT NULL, ""asking_price"" decimal DEFAULT NULL, ""photo_1"" varchar DEFAULT NULL, ""photo_2"" varchar DEFAULT NULL, ""photo_3"" varchar DEFAULT NULL, ""photo_4"" varchar DEFAULT NULL, ""hoa_id"" integer DEFAULT NULL, ""created_at"" datetime(6) NOT NULL, ""updated_at"" datetime(6) NOT NULL, ""description"" text DEFAULT NULL)"
